{
    "rmse": 0.5282366569566045,
    "mae": 0.40980630107999405,
    "r2": 0.743762471472686
}