{
    "rmse": 0.5333505977814585,
    "mae": 0.408032908421971,
    "r2": 0.735071872417377
}