{
    "rmse": 0.5210871659278408,
    "mae": 0.4043497446737516,
    "r2": 0.7354510922216859
}